cases,labels
#QuemNunca chorou de raiva?,negative
#SeTensIrmãos quando estão juntos estão sempre a discutir // estão separados morrem de saudades,negative
#WePrayForJustin ok chego ao twitter e vejo isto... Seriio? Morri de susto -.- Ele vai ficar melhor :),positive
''E o amor morre numa altura em que já ninguém morre de amor'',positive
'Antes morrer a lutar do que morrer a fugir.',neutral
'Espero que tenhas mudado a minha opinião sobre mim. Mudaste?' 'Não' chorei a rir,neutral
"'não existe um sempre, mas morreria a tentá-lo contigo' vtf",positive
:oooo chorand a foi tăo fofa com o comentário,negative
@Bubaaas Lol espero que morras a ser violado ! unf,neutral
@C0rdeCaramel0 eu tou morrendo de sono ja :c,neutral
@HenriqueeN vou morrer a rir tds os dias qnd for p a escola,negative
@Jezz____ omg estou a chorar de tanto rir,neutral
@MafaldaAlmeida9 É de chorar a rir! :-),positive
@Maggie_is_sweet Eu estou a morrer de calor!,neutral
@Marianasimoes10 infelizmente vou fazer vais ver sou um dançarino xii vais morrer a rir,positive
@ObservatorioH Daniel Muller.  Morreu de cancro com 50 e poucos anos.,neutral
@RittaDuartee O que morri a rir naquele almoço! Ficamos piratingas a ver o Felix :p,positive
@Tarequinho18 nepia mas já me basta estar a morrer de fome em filosofia,negative
@anaasoffs morri de sensualidade,positive
@beatriizrcosta tou a jogar cartas!! Nao morras de saudades,neutral
@cmeow_pp ahah viste os macacões pijama?! De morrer a rir.,neutral
"@constancabb sair da província! Ahah, estamos todos a morrer de saudades tuas concha!",positive
@doloshine TOU A MORRER A RIR CNTG MANA,positive
"@elianacamaral já năo vai ser a mesma coisa, 1ş morreu a gisele, depois o Han e agora quer queiram quer năo, morre o Brian",negative
@icoise Chorei a rir idiota,positive
@jarimbajj as pessoas de cascais sao minimamente educadas ahah senao a minha mãe deixava-te morrer a fome qdo câ viesses,neutral
@margaridaalb amo-te princesa ;** ja vi o video chorei a rir,neutral
@margvs só passam a ideia que morrem de medo de protestos a sério,negative
@miguelrferreira MIGUEL EU CHOREI A RIR,positive
@polyonc morro de gorda mas nao morro de fome! Vrá,neutral
@quico_g ent ele que me faca a folha ehehe tou morrend de medo,negative
"@ritaparrot @inesluskas Então devias ver a pinta dele na escola, morrias a rir",positive
@sofia_malik8 quem me dera ser a Katniss tem 2 rapazes lindos de morrer a gostar dela *-*,positive
@thsbcs claro... A PE$$OA MORRE DE AMORE$,positive
A morrer de ansiedade....,positive
A morrer de sono,neutral
A pizza está a morrer de sono,positive
Acho que vou morrer de ataque cardiaco hoje! SPORTIIIIIIIIIIING ALLEZ!,neutral
Ai vida ja comi mas continuo a morrer de fome,negative
As pessoas quando estăo vivas só săo criticadas mas assim que morrem de repente toda a gente sente a falta dela,positive
"Bem, tou a morrer de sono e amanha às 7 tenho de tar a pé. Yay",neutral
"Chorar é bom , mas quando é chorar de tanto rir",positive
Chorei a ler isto http://t.co/RltJyFfqbB,neutral
Deixei morrer a conversa com a minha crush. O que é que eu faço agora!? Ajuda URGENTE!,negative
"E a cuca? morro de saudades dela. Penso, será que um dia voltarei a Cabo Verde e a volto a encontrar só que adulta?",neutral
E depois a Catarina a dizer que queria que fosse para a barriga mas foi com pouca força AHAHAHAHAH Morri de rir #SexMeEntendes,positive
"E ela morre de ciúme de mim enfim, eu também morro de ciúme dela e hoje ela vem me ver, romântico eu posso ser....",positive
ESTOU A CHORAR DE EMOÇAO,positive
Ela quer que eu morra a rir c estás fotos,positive
Ele hoje quando me estava imitar fez me morrer a rir,positive
"Em 2010, mais de 220 mil pessoas morreram de cancro de pulmão provocado pela poluição do ar.   #poluição #ar... http://t.co/Ms6ivWfcKL",negative
Estou a chegar à parte em que o Augustus está quase a morrer e estou a chorar de antecipação.,positive
Estou a morrer de calor ew,neutral
"Estou a morrer de calor, nem sei.",neutral
Estou a morrer de fome mas ainda estou deitada e năo me apetece nada levantar,negative
"Estou a morrer de fome mas como sempre, não me apetece levantar-me do sofá",negative
Estou a morrer de fome mãe :((((,neutral
Estou a morrer de frio,positive
Estou a morrer de frio e a lareira está ligada nem quero imaginar se não tivesse.,negative
Estou a morrer de frio.,negative
Estou a morrer de saudades das minhas flores,positive
Estou a morrer de sono,neutral
Estou a morrer de sono -_-,negative
Estou a morrer de sono mas não me apetece ir já dormir,negative
Estou a morrer de sono!,positive
"Estou a morrer de sono, gosh",negative
Estou apenas a morrer de frio,neutral
Estou no metro a morrer de sono,positive
Estou quase a chorar de tanto rir,positive
Estou tão a morrer de cansaço,negative
Eu chorei a ver o episodio do Glee em memoria ao @CoryMonteith,positive
Eu devia apresentar um 'livro' do sparks porque é super facil mas devo ir chorar a ver o filme e é demasiado batido,positive
"Eu e a @ritalac6 tamos no mac , morram de inveja agora",positive
Eu gosto muito do norte mas só no verão porque de inverno uma pessoa morre de frio,positive
Eu só estou de sabrinas e já morro de frio. As meninas que andam a mostrar as mamas e a barriga que me expliquem como aguentam,positive
Expliquem-me porque é que eu chorei a ler isto  http://t.co/KA8tizEVFO,negative
"Grécia: “Năo vamos deixar nenhum dos nossos concidadăos morrer de frio”, afirmou o ministro do Ambiente, Yannis... http://t.co/6zf7gsNoHd",negative
HAHAHAHAHAHAHAHA vou chorar a rir,positive
"Hj qd vir o Joel vou-lhe dar gd abraço, tou a morrer de saudades dele !",neutral
Hoje acordei super tarde e já estou a morrer de sono,negative
Hoje na Mega Hits disseram que a 'Friday' foi a gripe A da internet. Morri a rir,positive
Hoje năo aguentei e desatei a chorar a frente do Hugo,negative
"Homem adora trair, mas morre de medo de ser corno .",positive
"Há bocado estava a morrer de frio, e agora estou com os calores",neutral
Já estou a morrer de sono,positive
Já tou a morrer de sono soç,neutral
"LELA PÁRA, TOU A MORRER DE FOME",negative
LOOOOOL o Tierry que se mate visto que chupou o estômago a Débora. agora que morra de inveja fdputa.,negative
Ligar a dama zaganatti e ela dizer 'va chora a vontade' sem me encher de perguntas é >,neutral
Lol a puta mandou-me ''temos de falar inês sofia''. Deve querer que eu morra de susto,negative
"MORRO DE SAUDADES TUAS, mas teres saído da minha vida foi o melhor que me aconteceu.",positive
"Mas morro de fome, é quase 12h.",negative
"Mas primeiro vou tomar o peq almoço, estou só a morrer de fome",negative
Mas vou morrer de sono.,neutral
Morrendo de frio,positive
Morrendo de frio.,positive
Morrendo de sono. Fui,neutral
Morrendo de tédio! #fds #fds2013 #home #StoryOfMyLife #diachato,negative
Morro a rir com as bocas que a minha mãe manda às vezes,positive
Morro de milhoes teu jeito atrevido de me tocar,neutral
Morro de saudades do Morgan,neutral
"Nao sou normal, sao estas horas e ja estou a morrer de sono.",negative
"Nepia, não vou lá. Os meus problemas são aquelas cenas típicas de adolescente mas eu morro de vergonha de contar a alguém",neutral
Não chora a nossa vida é feita mesmo para se aprender,neutral
O Joăo hoje começou a cantar a ‘năo me toca‘ e a agarrar a măo da stora de Portuguęs quando tavamos a fazer teste. De chorar a rir,positive
O meu irmăo apanhou-me a chorar a ver o filme e chamou-me gay. Olha ok,positive
O teste é daqui a uma hora e eu já estou a morrer de nervos. Vou tirar uma nega tăo grande,negative
Odeio chorar a frente dos meus pais.,negative
Odeio quando me mandam snaps a dizer 'ola cristiana' fico a morrer de medo,negative
Ok nao fui porque estava a morrer de dores de barriga mal me conseguia levantar,neutral
Ok tenho mesmo de me levantar poq tou a morrer de fome,negative
Ontem estava a chorar de raiva,negative
Ouvir esta música e não morrer de saudade do concerto é impossível,negative
"PLS CHOREI A RIR , PLS , isto é uma ask que fizeram aquela miuda da minha antiga turma que mentiu sobre estar grávida http://t.co/YnJ1cAbMwq",negative
Paul Walker morrer de acidente de carro é o cúmulo da ironia.  Năo pode ser verdade.,negative
Pra năo morrer de amor - Bruno e Marrone - Legendado - sApiN http://t.co/ESBxrbq4Zi,negative
"Precisa-se: pessoa fixe que esteja no Campo Grande para ir dar uma volta e me salvar de morrer de tédio. K, bye",negative
Pus os meus pais a chorar a ri à hora de almoço. Senti-me engraçada.,neutral
Quando choro a frente de alguém é porque não estou mesmo nada bem.,negative
"Quando me chamam Linda, Gira,  bonita,  ... morro de rir ;-) ;-)",positive
RT @AnaPerryJr: Já choraram de raiva ?,negative
RT @Arturthecreator: durante a semana morro de sono // ao fim de semana acordo super cedo,negative
"RT @BrunoBGarcia1: Se dizem aos concorrentes do Secret Story que Mandela morreu, ainda começa alguma gaja a chorar a pensar que a măe dela …",negative
RT @CarolinaPMira: É um boss no Fast & Furious // morre de acidente de carro,neutral
"RT @Harold_BooBear: #StoryOfMyLife tenho quase a certeza, mas só mesmo pelo nome, que eu vou chorar a ouvir a música, tenho 99% de certezas…",neutral
RT @HugoGanchas: Mas estou mesmo a morrer de saudades,neutral
RT @HugoGanchas: Não me lembro de alguma vez ter chorado de alegria,neutral
RT @HugoGanchas: Tudo a chorar a dizer que o Montero estava fora de jogo,negative
RT @InesSimooes: O Pinto e a nica devem querer que morremos de ataque cardíaco,neutral
"RT @JoanaFilipaa18: tou a morrer de sono,mas nao quero ir dormir",negative
"RT @JoaoDuarte98: Simplesmente chorando com a morte do Brian. Já năo basta morrer a Edna, ainda morre o Brian...",negative
RT @KikoisHot: Lá vai a Sónia chorar de novo...minha baby  #FactorX,neutral
"RT @MariaCalado10: na verdade eu estou a morrer de sono, mas ainda não tenho nada pronto",negative
RT @MatildeEspiga: Tou a morrer de frio,negative
RT @Nelson_Andradee: Bitches be like: 'Se chegas ao meu nivel morres de vertigens',neutral
RT @Nelson_Andradee: Estou a morrer de sono,positive
"RT @Nelson_Andradee: Se estão a pensar em sair de casa não o façam, só se quiserem morrer de hipotermia",positive
RT @Nelson_Andradee: Só passa imagens de comida deliciosa na televisão quando estou a morrer de fome,positive
RT @PoxaNaoXei: ainda choro a ouvir a nossa música,neutral
RT @PoxaNaoXei: eu posso não te mandar mensagem hoje e amanha e depois mas isso não quer dizer que nao esteja a morrer de saudades de falar…,neutral
"RT @PoxaNaoXei: não gosto de chorar a frente dos meus pais, odeio mesmo",negative
RT @RitaNunes14: 'Eu morri de uma maneira muito violenta' wut? Devia sentir me perseguida por um zombie ou?,neutral
"RT @Rita_B_vieira: voces não estão a ter noção das minhas dores de costas é que já estou a chorar de tantas dores,é ridiculo",negative
RT @SofiaDouradinho: Porque é que eu de manhã estou sempre a morrer de frio e à tarde fico com bué calor ?,neutral
RT @Sou_O_Suricata: @luanamendes17 @_anifumSCP deviam morrer a claque tmb a ver como era,negative
"RT @THEKASKA: Oh puts q pariu, tou a morrer de sono",negative
RT @Teresamp1: MORRI DE SAUDADINHAS TUAS HOJE @RitaMiguel7,negative
RT @Tiago_Silva18: Ou comigo :-) RT @MrsLauraAlves: só durmo bem se tiver a morrer de sono ou se tiver cansada,positive
RT @Tiaguinhofariaa: Se morresse a olhar para ti acredita que morria feliz,positive
RT @Xiripitii: 'tu és água e eu sinto que eu vou morrer de sede',neutral
RT @_dearnutella: Odeio comer quando acordo mas até chegar o intervalo fico a morrer de fome,negative
"RT @_whoisrenata: A morrer de sono, apenas.",negative
RT @agostosa4: Quem ama: -fica -cuida -perdoa -compreende -morre de ciúmes -morre de saudade -esquece o orgulho,neutral
RT @anacmmarques: apenas morrendo a ver os vídeos do Kintas,neutral
RT @andre_nienhaus: a morrer de sono.. desejo-vos uma boa noite! :),positive
"RT @andre_nienhaus: aquele momente em que estás a morrer de fome mas a perguica é tao grande, que nem ao frigorífico vais haha",neutral
RT @anothersarahere: quero ver as minhas séries // estou a morrer de sono,neutral
RT @avinach10: hoje a @moniimonteiro despediu de mim morram de inveja :D,neutral
RT @cadofixe: Morro de inveja com as relações do tumblr.,negative
RT @carina_leoa: Espero sinceramente que morras de saudades minhas,positive
"RT @catiiiiiiiiiiie: Digas? Olá?! Confianças? ahaha, morri a rir, admito.",positive
RT @claudiasplemos: deito-me cedo // acordo a morrer de sono,positive
"RT @cristianaleeal: não volto a ver um derby, ia morrendo de ansiedade",negative
"RT @dmggg26: posso estar a morrer de saudades, mas o orgulho fala mais alto.",negative
"RT @fuckinglovelys2: FINALMENTE NÉ , BC MORRER DE FOME",negative
RT @fuckit259: Ainda nem meio-dia é e já estou a morrer de fome.,negative
RT @heartbreakelson: Nasci a chorar mas pretendo morrer a rir.,negative
"RT @ineeesc: Năo há maior gozo do que ver alguém que desistiu de mim, a morrer de saudades minhas",negative
RT @ineeesc: Uma pessoa até começa a chorar de nervos,negative
RT @ines_fnp: #SeVêsTheVampireDiaries morres de inveja da Elena porque tem os irmãos Salvatore e tu não,negative
RT @joana_risso: Passei o dia a morrer de sono e agora cadê do sono?,neutral
RT @katyasbarzovia: 'Somos 6 milhőes a năo fazer nada pela claque' - juro que morria a rir se ouvi-se algum lampiăo a dizer isto ahahahahha,positive
"RT @marianafiv3: Cantar os parabéns à Palma foi de chorar a rir, acreditem",positive
RT @marianafiv3: Morrendo de frio a estudar Geografia,neutral
RT @marieaneee: Acabei de comer // estou a morrer de fome,negative
RT @mcattalmeida: estou a morrer de frio,positive
RT @ndreia4: Morri a rir com a atuação do Miguel paraíso.,positive
RT @omalestafeito: Antes morrer de Porsche que com um volvo,positive
RT @pasteldenata_9: Quando choram a minha frente ficou mesmo sem reação,negative
"RT @pedrokoxta: choro,choro e choro de novo,sabe da situação difícil e nem uma sms eu recebo...",neutral
RT @raquelgrpereira: Estive contigo ontem. // Estou a morrer de saudades.,positive
"RT @ritacdo: @FilipeGaspLopes filipe que saudades, vou chorar de nostalgia agora",negative
RT @ritagarfeel: vou chorar de certeza.,negative
RT @skinssgirl: Já chorei a ouvir - o que ficou por dizer do yellow g,negative
RT @soufixeadeus: @paaasp ahaha porque sim. olha .. estou morrendo de saudades :c,negative
RT @ticzzz_98: choro de saudades...,negative
RT @xanamcc_: Entrada da Forever 21 de Oxford Street a ver-se na reportagem da SIC // Eu a morrer de saudades daquela loja,positive
RT @xiaoines: A VOZ DA @hahabugg É TĂO LINDA! estou a chorar de inveja.,positive
RT @xiomagomes: Estou a morrer de sono e não consigo dormir,negative
Rouba morrer de fome mas para ir comer tenho de me vestir e de me levantar do quentinho,negative
"Sabe-me tăo bem estar sozinha quando tou deprimida.. Posso chorar a vontade, gritar, atirar cenas pelos ares, yh sabe bem...",negative
Sabes que estás a precisar de férias quando săo 21h30 e estás a morrer de sono,neutral
Se morresse a olhar para ti acredita que morria feliz,neutral
Se o peeta năo morrer a mina vai ter que ficar dando pra 2 no filme inteiro,positive
"Segunda já tou lá, năo morram de sdds @ @ @",neutral
"Sempre que vejo a foto q a ashe pôs dela em pequena, morro a rir! AHAHAHAHAHAHAHAHHAHAHAHHA",neutral
Sim eu choro. Eu choro a ver a paneleirada dos vossos gifs,negative
Sinto-me orgulhosa por não ter chorado a fazer o texto. Proud of me.,negative
"Só os vejo daqui a uma semana, vou morrer de saudades.",negative
Săo 7h30 e eu tou a morrer de sono. No entanto quando for meia noite eu parece que bebi um litro de café,neutral
Tenho de estudar cięncias mas estou a morrer de sono,negative
Tenho que voltar ao estudo mas estou a morrer de sono,neutral
Tentar fazer as coisas de matemática é pedir para chorar de raiva,negative
Tou a morrer de frio,negative
Tou a morrer de sono,negative
"Tou a morrer de sono, tenho o crl dos olhos a arder",neutral
Tou apenas a morrer de frio,negative
Tou na morrer a cama,neutral
Um pequeno ajuste: Se não fosse a musica e a minha bebe já tinha morrido de tédio. Melhor carol? <3,neutral
Uma amiga da minha mãe está a morrer de medo porque o marido lhe bateu ontem. Isto deixa-me bué revoltada.,negative
Ver casais quando estou a morrer de saudades tuas <<<<,neutral
Vou chorar a rir a ler aql tudo aposto,neutral
"Vou continuar a estudar e logo a noite mais uma sessão de chorar a rir com o Gonçalo, Quintinhas e Renato",neutral
Vou morrer a espera da tua mensagem ?,negative
Vou morrer de tédio,negative
"Vou para a cama adeus, estou a morrer de sono e amanha as 14h tenho que estar em sesimbra",negative
"Vá vou de baza que tou a morrer de dores de garganta, cabeça, barriga",negative
a morrer de saudades da @CarlotaHBRR e ŕ espera que ela venha da Rússia com um autógrafo da Svetelana para mim :'),positive
agora chorei a ouvir a puta da musica,negative
"ai adoro, morram de inveja putas",positive
ai o que eu descobri agora. ai vou morrer de tanto rir,positive
ai omg veio-me uma memória deprimente quando andava no 6º ano a minha banda preferida eram os HIM  estou a morrer de riso,neutral
aiii vou morrer a rir o:,positive
amanha já vou á escola... năo quero q nng morra de saudades minhas!,negative
"amanhă se năo me virem aqui, foi porque morri a fazer a apresentaçăo oral em portuguęs",negative
aí estou a morrer de fome,negative
"chorando a rir com o meme, e comentarios, do gajo do bar LOOOOOOOOOOOOOOOL #LRT",positive
como é que não se chora a ver Grey's Anatomy?,neutral
depois ando sempre a morrer de sono.,positive
"desabafar com a @InesFirPereira more like chorar a ler as msg's dela, porque ela tem razão.",positive
"e ainda năo estou em casa por isso, amanha vou morrer de sono!",neutral
"e eu que năo sou de chorar a ver filmes, estou aqui lavada em lágrimas e já com o nariz entupido!!! #marleyandme",negative
"e possivel morrer de amor, mas e muito melhor viver para amar",neutral
"em Portugal tenho frio , na Rússia morria de hipotermia",neutral
"em lisboa morro de calor, em leiria morro de frio",negative
"era cm se fosse minha irma, conhecemo-nos a 3 anos dps venho a descobrir q fala mal de mim nas costas, e dps vai chorar a dizer q nao falou",negative
"espero que fique calor, só mesmo pq tou de t-shirt e secalhar tou a morrer de frio",negative
estar sozinha em cas more like acender a luzes todas e morrer de medo de todos os barulhos,neutral
estava a morrer de calor na aula de biologia por isso tinha uma garrafa de água na testa.,positive
estava a morrer de sono e não aguentei,negative
este fim de semana estou muito sociável. Paralelamente tenho uma vontade enorme de não ver pessoas e chorar a ver séries.,negative
"estou a morrer de cansaço, estes dias tęm dado cabo de mim",neutral
estou a morrer de fome,negative
estou a morrer de frio e estou cheia de mantas por cima de mim lol,negative
estou a morrer de frio.,neutral
estou a morrer de sono,neutral
estou a morrer de sono.,negative
estou dentro de casa a morrer de frio... quésta merda?,negative
estou literalmente a morrer de frio,positive
estão a gozar comigo porque chorei a ver o episódio lol,negative
"eu morro a rir com coisas que leio, a sério",positive
eu perguntei-lhe se ele estava bem e ele disse 'estou tão bem que agora ia ao céu contigo e voltava' morri a rir !,positive
falar inglês com o meu irmão é de morrer a rir,positive
"finalmente entrei em casa! estou a morrer de sono, mas estar com o boy é vida",positive
http://t.co/JLbXKj08EB choro a ouvir isto.. faz tanto sentido..,negative
http://t.co/beyprKufwh eu naoo aguento mas tento controlar morro de milhoes teu jeito atrevido de me tocar .,negative
http://t.co/vfVmVBLb72 morram de inveja.,positive
jantar é peixe cozido // passado 5 min já estou a morrer de fome,negative
já chorei de raiva,negative
já estive a morrer de sono mas como achava que era demasiado cedo não fui dormir,negative
kizomba dos tugas é de chorar a rir juro,neutral
lol eu a morrer de medo de ter negativa a Frances e não tive,negative
mas estou a morrer de sono porque hoje acordei eram 6:30,negative
"minha rotina: sorrir de dia, chorar a noite",positive
morrem de frio mas é so mesmo para se armarem #lt,negative
morro de medo de trovoadas,negative
morro de tedio nas aulas de biologia,positive
"nao sei o que vou vestir, poq vou estar na fila a morrer de frio chego la dentro e morro de calor",negative
"não consigo mais estudar hoje, acho que já morri de tanto estudar",negative
não consigo pintar mais... estou a morrer de dores,negative
"não gosto de chorar a frente dos meus pais, odeio mesmo",negative
"não me canso de olhar para a tua foto, poderia morrer a olhar para ele",neutral
o amor morre numa altura que ja ninguem morre de amor,positive
o meu alarme do tlm faz o meu coração disparar de uma maneira que quase morro de susto,negative
o meu pai ta a chorar de tanto rir,positive
oi migos năo morri a carta ainda năo chegou!!!,neutral
ontem só de ouvir a raquel a contar o que viu no 'se os animais falassem' chorei a rir omd ahahahahah @raquelsobrinho,positive
ou morro de carência ou de saudade,negative
"quem ama : cuida, perdoa, compreende, morre de ciumes, morre de saudades e esquece o orgulho.",negative
"quem ama fica , perdoa , cuida , compreende , morre de ciúmes , morre de saudades e esquece o orgulho .",negative
quem vive de orgulho morre de saudade meus caras,negative
senão amanhã morro de sono no jogo #lt,neutral
são 8 da noite e eu a morrer de sono,negative
só visto calçoes e t-shirt no treino e morro de frio,neutral
"tava cheia de frio, tapei-me toda // agora tou morrendo de calor por isso tenho de tirar a tralha toda de cima de mim",negative
tem a mania que é nigga // chora a por alargador AHAHAHAH,neutral
temos fome e estamos a morrer de frio aqui !,negative
to morrendo de sono pq eu e a Natss ficamos até altas horas da noite conversando,positive
tou a morrer de fome.,negative
tou a morrer de saudades da minha mae,positive
tou a morrer de sono. até amanha,negative
"tou a morrer de tédio completamente, não tem noçao",negative
tou a rir p crl n estão a perceber            tp tou morrida de riso,neutral
"vou almoçar, que já estou a morre de fome, até já",negative
vou buscar o aquecedor para aqui antes que morra de frio.,positive
"vou indo, tou a morrer de sono, jinhos",neutral
"vou já vestir o pijama, estou a morrer de frio",neutral
vou morrer de desgosto,positive
"vou é comer algo, pq já estou a morrer de fome",negative
ya faz 2 meses qe todos os dias choro a noite :'c,negative
É possível morrer de tédio?,positive
