cases,labels
"#MaisVoce 😀😁😂😅😄 Ana,volta ás panelas,passar roupa não é o seu forte!😂😁😃😆 morrendo de rir!💋",positive
#MaisVocê Amo O @Louro_Jose  Ele é show morrendo de rir😂😂😂,positive
#VideoShowAoVivo    Cadê  a Sofia ?!?! Melhor pessoa ela morro de rir ❤ vcs três fica perfeito 😘,positive
#VideoShowAoVivo Sentir medo é morrer a cada minuto ... só ouvir verdades,neutral
"@masterchefbr #MasterChefBR Nesta prova o menos será mais,para agradar os atletas!!E eu já estou morrendo de fome!😣",neutral
AIIINNN cara!!! Eu tô pra morrer de inveja vendo a @jublackpower agarrando o meu papacito @maluma💖😭 #TheNoite @DaniloGentili,negative
Apenas morrendo de amores por esse novo álbum do @nando_reis e ansiosa pelo próximo show! #Encontro,positive
Chorei de chegar soluçar quando vi o que aconteceu com o @MChefVitorB #MasterChefBR,negative
Começar o dia com a @ANAMARIABRAGA vestida de unicórnio é mesmo surreal. Morrendo de rir! #MAISVOCÊ,neutral
"Eles morrem de rir tb,taquem falha nossa de Novo Mundo,por favor. #VideoShowAoVivo",neutral
Eu comu mas não morro de amores #MasterChefBR,neutral
Eu to choraaaaando de rir das limitações que @winderson_nunes faz dos cantores!! Hahahahahevebegegehegege #AltasHoras,positive
Gata @denisefraga_: O @marcoluque  e  @tiagobarnabe são os melhores comediantes. Me fazem morrer de rir. #altashoras,positive
Hoje Tem... aí tem que passar no mercado para não morrer de fome na madruga !  #MasterChefBR,neutral
"Hoje pude assistir o #MaisVoce, cara, a Taís Araújo é diva, morri de rir com ela 😂😂😂",positive
Kkkkkkkkkk eu choro de rir com o @MuriloCouto Aumenta o salário dele @DaniloGentili #TheNoite,positive
Morrendo de amor pelo filho do Serginho. Coisa mais fofa! #AltasHoras,positive
Morrendo de amores pelo @maluma no programa do @DaniloGentili. #TheNoite,positive
Morrendo de medo do avental azul  #MasterChefBR,negative
Morri de amores c o filho do Serginho mds #altashoras,positive
Morri de rir vendo o #TheNoite agora kkkk,positive
Morro de rir com a Maiara e com a vergonha da Maraisa kkkkkkkkkk #ConversaComBial @MaiaraeMaraisa,positive
Paola morre de preguiça de Nayane #MasterChefBR,negative
"Pra completar o ""Fátima adjetivo"" deve-se aprender a chorar de emoção sem perder o sorriso e elegância de @fbbreal #VideoShowAoVivo",positive
Sobre eu tá chorando a cada história e música contada e cantada no #encontro ❤,positive
To MORRENDO de fofura com o Thomas no #AltasHoras,positive
To chorando de soluçar com o #Encontro,negative
Tão  lindinho ver eles chorando de felicidade e orgulho de si. #MasterChefBR,positive
Valéria morrendo de inveja do casamento da Janete com o galã global é hilário! 😂😂😂 #VídeoShowAoVivo,positive
"Vivianne Pasmanter está irreconhecível no papel da Germana em #NovoMundo morro de rir, ótima atriz #MaisVoce",positive
